{
  "cross_product": {
    "lead_lag_corr": {
      "-1": -0.0007649646512889184,
      "-3": -0.0025750945696749496,
      "-5": -0.012323749543454205,
      "0": 0.005357798980388226,
      "1": -0.004964250483998196,
      "3": -0.0027160716035925852,
      "5": 0.0032919361750807135
    }
  },
  "hidden_checks": {
    "ASH_COATED_OSMIUM": {
      "hidden_vs_public_day_0": {
        "mae": 1.2151370679380216,
        "median_abs": 1.0,
        "rmse": 1.968842523413791
      },
      "horizon_1": {
        "<= -2": {
          "mean": 0.6072874493927125,
          "median": 0.0,
          "n": 247
        },
        ">= +2": {
          "mean": -0.9260204081632653,
          "median": -0.5,
          "n": 196
        }
      },
      "horizon_3": {
        "<= -2": {
          "mean": 0.694331983805668,
          "median": 0.5,
          "n": 247
        },
        ">= +2": {
          "mean": -1.038659793814433,
          "median": -1.0,
          "n": 194
        }
      },
      "horizon_5": {
        "<= -2": {
          "mean": 0.6761133603238867,
          "median": 0.0,
          "n": 247
        },
        ">= +2": {
          "mean": -1.15625,
          "median": -1.0,
          "n": 192
        }
      }
    },
    "INTARIAN_PEPPER_ROOT": {
      "hidden_vs_public_day_0": {
        "mae": 1.0821256038647342,
        "median_abs": 1.0,
        "rmse": 1.8086280064459035
      },
      "hidden_vs_public_day_minus_1_plus_1000": {
        "mae": 1.2685185185185186,
        "median_abs": 1.0,
        "rmse": 1.8170270503179917
      },
      "horizon_1": {
        "<= -2": {
          "mean": 2.4302325581395348,
          "median": 2.0,
          "n": 43
        },
        ">= +2": {
          "mean": -1.076086956521739,
          "median": -1.5,
          "n": 46
        }
      },
      "horizon_3": {
        "<= -2": {
          "mean": 3.0232558139534884,
          "median": 3.0,
          "n": 43
        },
        ">= +2": {
          "mean": -1.1630434782608696,
          "median": -1.25,
          "n": 46
        }
      },
      "horizon_5": {
        "<= -2": {
          "mean": 3.2093023255813953,
          "median": 2.5,
          "n": 43
        },
        ">= +2": {
          "mean": -1.3478260869565217,
          "median": -1.0,
          "n": 46
        }
      }
    }
  },
  "products": {
    "ASH_COATED_OSMIUM": {
      "cross_day_path": {
        "common_points": 7889,
        "normalized_corr": {
          "-1": {
            "-1": 1.0,
            "-2": -0.09343408449949857,
            "0": -0.08071548436604245
          },
          "-2": {
            "-1": -0.09343408449949857,
            "-2": 1.0,
            "0": -0.14201713522366657
          },
          "0": {
            "-1": -0.08071548436604245,
            "-2": -0.14201713522366657,
            "0": 1.0
          }
        },
        "normalized_rmse_vs_day_minus_2": {
          "-1": 6.372855769423788,
          "0": 7.533389991302701
        },
        "offsets_vs_day_minus_2": {
          "-1": 3.0,
          "0": 3.0
        }
      },
      "day_stats": {
        "-2": {
          "end_touch_mid": 9993.5,
          "spread_mean": 16.14977685860455,
          "start_touch_mid": 10000.0,
          "touch_mid_mean": 9998.161750299336,
          "touch_mid_std": 4.72626639771608,
          "two_sided_ratio": 0.9187
        },
        "-1": {
          "end_touch_mid": 10002.0,
          "spread_mean": 16.19132791327913,
          "start_touch_mid": 9992.0,
          "touch_mid_mean": 10000.833550135501,
          "touch_mid_std": 3.825386599527954,
          "two_sided_ratio": 0.9225
        },
        "0": {
          "end_touch_mid": 10007.0,
          "spread_mean": 16.184467071057192,
          "start_touch_mid": 10003.0,
          "touch_mid_mean": 10001.622562824956,
          "touch_mid_std": 5.221837248017188,
          "two_sided_ratio": 0.9232
        }
      },
      "edge": {
        "horizon_1": {
          "<= -2": {
            "mean": 0.37680931403398366,
            "median": 0.0,
            "n": 9534
          },
          "<= -4": {
            "mean": 0.4996651038178165,
            "median": 0.0,
            "n": 5972
          },
          ">= +2": {
            "mean": -0.3780839186025572,
            "median": 0.0,
            "n": 11106
          },
          ">= +4": {
            "mean": -0.4807177711317488,
            "median": 0.0,
            "n": 6353
          }
        },
        "horizon_10": {
          "<= -2": {
            "mean": 0.4701312335958005,
            "median": 0.0,
            "n": 9525
          },
          "<= -4": {
            "mean": 0.6268656716417911,
            "median": 0.5,
            "n": 5963
          },
          ">= +2": {
            "mean": -0.4798016230838593,
            "median": 0.0,
            "n": 11090
          },
          ">= +4": {
            "mean": -0.6151481715006305,
            "median": -0.5,
            "n": 6344
          }
        },
        "horizon_3": {
          "<= -2": {
            "mean": 0.3978178766261016,
            "median": 0.0,
            "n": 9532
          },
          "<= -4": {
            "mean": 0.5223618090452261,
            "median": 0.0,
            "n": 5970
          },
          ">= +2": {
            "mean": -0.39587461718609257,
            "median": 0.0,
            "n": 11102
          },
          ">= +4": {
            "mean": -0.514407179971658,
            "median": 0.0,
            "n": 6351
          }
        },
        "horizon_5": {
          "<= -2": {
            "mean": 0.4087093389296957,
            "median": 0.0,
            "n": 9530
          },
          "<= -4": {
            "mean": 0.5501843163538874,
            "median": 0.0,
            "n": 5968
          },
          ">= +2": {
            "mean": -0.40670330660419857,
            "median": 0.0,
            "n": 11099
          },
          ">= +4": {
            "mean": -0.533233580091353,
            "median": 0.0,
            "n": 6349
          }
        }
      },
      "imbalance": {
        "corr": 0.5867252025588194,
        "high_imbalance_mean_next_ret": 3.681286549707602,
        "high_imbalance_n": 684,
        "low_imbalance_mean_next_ret": -3.229465449804433,
        "low_imbalance_n": 767
      }
    },
    "INTARIAN_PEPPER_ROOT": {
      "cross_day_path": {
        "common_points": 7926,
        "normalized_corr": {
          "-1": {
            "-1": 1.0,
            "-2": 0.9999824885361289,
            "0": 0.9999792473240467
          },
          "-2": {
            "-1": 0.9999824885361289,
            "-2": 1.0,
            "0": 0.9999816198639033
          },
          "0": {
            "-1": 0.9999792473240467,
            "-2": 0.9999816198639033,
            "0": 1.0
          }
        },
        "normalized_rmse_vs_day_minus_2": {
          "-1": 1.6985655434438545,
          "0": 1.7397549866505841
        },
        "offsets_vs_day_minus_2": {
          "-1": 1000.0,
          "0": 2000.0
        }
      },
      "day_stats": {
        "-2": {
          "end_touch_mid": 11001.5,
          "spread_mean": 11.994791666666666,
          "start_touch_mid": 9998.5,
          "touch_mid_mean": 10500.567057291666,
          "touch_mid_std": 287.93243042106536,
          "two_sided_ratio": 0.9216
        },
        "-1": {
          "end_touch_mid": 11998.0,
          "spread_mean": 13.01225729471743,
          "start_touch_mid": 10998.5,
          "touch_mid_mean": 11501.409155005966,
          "touch_mid_std": 287.6402687181562,
          "two_sided_ratio": 0.9219
        },
        "0": {
          "end_touch_mid": 13000.0,
          "spread_mean": 14.128715011347671,
          "start_touch_mid": 11998.5,
          "touch_mid_mean": 12500.963093050903,
          "touch_mid_std": 288.19161246591915,
          "two_sided_ratio": 0.9253
        }
      },