day,sigma_fit,mse
0,0.23200000000000004,2.2243973100421663
1,0.23300000000000004,3.0061222619118184
2,0.23200000000000004,2.907380597519228
